7491,5831,7400,2348,7349,9706,8669,862,3664,3691,6850,5979,7893,3676,2060,866,7719,2056,3882,5517,2289,6419,4844,1518,7819,1006,2940,2373,5308,914,4053,1048,1122,7844,2915,6035,9644,4324,6947,7581,4326,6555,1097,9337,1874,2661,7978,4875,7689,3960,2729,372,6732,4295,4517,6098,594,3158,7727,6964,1253,1301,923,78,4231,6555,7229,5312,1088,6317,1265,1343,985,1420,1682,1962,3174,3164,2175,2510,8929,7032,5557,1844,2120,773,9138,7067,5577,3134,1662,6225,9879,1704,2577,3968,739,6840,4023,9828
4021,6206,1543,3813,1611,7581,8711,3507,6855,2941,5306,8324,5974,3353,2992,4525,4226,3596,5583,7425,4243,4293,1248,244,2901,3175,6536,9569,9357,4578,2404,7639,7593,7406,7436,1059,6815,4632,2121,985,8235,1750,1635,6659,8943,5165,7026,1535,9534,5408,6797,365,8092,7486,1201,5250,3258,5464,3988,4150,1807,2553,205,9236,6536,9326,1635,9211,7946,5773,4400,2576,7519,2286,641,7673,6712,7152,6420,4190,3907,8161,3174,8145,7890,8522,5056,6356,9508,4439,600,8667,6311,3550,9970,2241,6524,6049,3872,1421
39804,58071,46279,37999,24883,24970,6187,43392,41132,32224,59554,60559,41184,23490,38637,53637,45470,45802,57883,53856,24282,28537,4347,49097,37103,45567,19781,26626,42051,36136,60879,27664,31758,26670,16357,45320,34647,53037,50229,11825,33705,29763,9848,28293,43094,38539,37223,39718,14584,55380,40600,39274,28013,46327,15039,41126,45833,64652,47635,40649,26514,25169,16882,49656,49744,10499,20425,46031,27830,54323,43100,42590,63749,46313,18381,53739,33866,42250,46356,38145,9528,26323,32720,49341,23986,40246,35711,15295,33999,23472,48251,19976,14150,34851,28540,41026,41196,38017,13520,26924
7043,7295,2242,2690,6730,4774,6237,2364,1771,8296,7669,9344,1078,1822,990,4897,1932,8958,990,441,5573,7725,3119,1789,3389,2101,5101,9063,6289,1015,3908,546,5012,4317,9975,8115,4856,8944,1375,3900,9273,9174,7135,6183,3432,9360,1247,7305,6464,8331,3982,7498,8352,3224,5522,9791,5493,3304,6194,3606,7565,4139,4923,6947,9727,3277,8378,7390,9541,319,3568,6626,2814,2303,7111,6245,5906,6604,475,3487,4513,2409,7150,8561,2815,7310,1377,8367,1386,5882,3661,8067,5037,4895,8770,3531,4494,9635,422,9729
4775,18840,7066,25587,12722,32828,30738,20638,12161,31663,13266,36062,12688,14560,5617,23729,9645,4947,27277,17849,24062,15810,20069,893,30219,27192,28912,33963,20857,23097,19669,23540,15845,14864,20985,7890,30949,34216,3021,17055,10848,25813,31309,8668,37126,5710,27542,25047,25558,31970,33767,19144,12228,14020,6666,6505,6466,23957,32179,14785,14126,32084,28573,29535,36186,32330,11736,29082,15271,14638,24806,18412,19866,20366,23157,25179,23265,24658,21775,6668,25495,38046,13810,37283,18283,35119,18697,18759,16041,8209,9867,30451,29798,24363,10263,27538,34194,29178,5152,12768
9879,8641,3888,4547,2466,7844,8828,9137,5582,5988,1488,8997,4503,2056,8996,7625,8824,2849,6732,6642,1228,4073,2752,7166,2833,8962,8265,3900,4979,6948,8343,6096,5747,3260,4564,7138,8844,7208,186,6747,4385,4378,1170,8146,3248,2462,3427,3756,5465,5619,3958,3981,5153,6575,9509,7223,4000,8318,1343,604,842,1638,3242,3017,116,5399,953,1465,6311,8593,9742,5708,9968,5535,5154,3306,4300,4918,710,8877,646,4361,8266,3945,6134,8186,8862,9311,1907,2585,8978,5933,5038,6128,8194,5318,2020,4538,4279,9660
6200,6953,7201,3469,5169,5566,1565,5620,6948,4264,8362,7313,3600,4542,3863,7755,7342,4302,6937,9452,7842,7055,1093,3899,5909,4593,503,2286,8341,156,8637,780,6690,5002,2179,5716,1221,6711,5995,559,563,1525,196,4351,8322,6173,5201,8638,976,9080,1080,5170,1431,5593,45,7666,8487,9168,9869,5051,2714,1007,5078,5856,7628,829,6615,5169,1710,9385,5904,4406,9419,6559,4519,8397,5326,5538,6800,3671,2392,5789,8668,4067,1126,4438,3001,4013,8333,4036,3901,3604,1402,2601,868,4294,2572,2975,4248,1192
4950,7064,2435,7850,740,3938,33,2206,13,1891,1424,2680,1748,1386,5988,9010,9393,2211,4826,3760,5237,2648,683,4363,1738,261,9546,4306,9615,7624,73,6800,7059,6451,5523,2181,7723,2280,3708,8909,8563,4024,3180,6086,9102,9091,5915,3325,8530,4424,9043,331,5324,7165,1793,3365,1877,3219,4038,5485,487,5527,2748,2415,2431,1541,9564,9356,8187,7282,1758,3603,1887,11,3164,6996,6252,5430,4390,2874,5016,7615,7624,5760,7476,6455,1232,5044,3472,921,1478,1981,6722,4315,6944,2567,97,5322,2793,9462
9064,3926,248,6714,8371,9715,569,4503,5824,6866,7194,6500,7269,3738,5815,1161,576,9797,2848,5949,9621,1857,1930,3416,9328,3906,2732,1519,3971,3747,1311,4350,915,6146,109,5732,7897,2353,4480,5693,614,4962,6423,2212,8370,9710,8463,5060,2788,7466,2369,9573,6202,6002,1725,903,2552,8585,9110,6996,7251,2298,5760,8106,4038,9884,899,3209,5114,606,7256,5565,5293,8299,8587,7890,3178,4522,7522,1098,1097,2698,5246,9726,7104,3118,2914,8503,9116,6392,2553,886,8382,5847,9481,610,5846,2851,8277,1909
4425,3934,8265,6768,2076,3181,1338,6714,5709,1697,1476,4760,9081,5521,329,538,8050,4513,3826,7896,3642,5323,7116,8714,3286,6501,9748,759,5870,4138,3091,2638,7587,9952,1865,7811,1957,9923,8022,4242,7288,4983,8089,3565,732,5909,9101,1937,4323,7491,391,9463,7636,5588,1838,4979,5178,9942,8548,9624,6789,4035,9349,4794,2317,3962,7050,5585,7566,9954,9624,5350,9638,1156,514,3043,5801,5309,9012,5405,4319,5426,7124,166,8009,1425,4784,2568,3690,6617,1696,2787,1982,1950,3268,8803,4711,4039,1792,9689
4074,8444,6153,3766,8771,7848,4649,8139,8984,4292,3343,5966,9019,7020,3774,7349,9541,5428,5401,3111,712,1819,929,4634,93,9150,6427,14,303,2084,4549,1272,86,7270,3541,7804,4366,4365,492,496,911,5940,2410,8413,8572,9636,4889,2203,2262,5367,7621,3475,4612,6393,9173,1615,7156,5777,4333,8842,3930,1789,6333,6240,3279,8029,9994,9809,1270,2322,236,6074,1108,4074,8840,5481,3690,2083,4409,9562,1240,4707,8569,433,6916,9789,2832,1337,6852,9094,6108,8999,1934,7544,3462,4186,1557,8189,6249,7385
8051,672,9507,4975,7551,7424,8311,1565,4573,6181,9321,8350,8954,5825,5827,8549,348,8854,4077,363,7461,1548,1439,6059,2544,3241,4017,4063,3861,6098,1668,1880,946,3231,7695,2341,7403,6928,8240,8279,2933,3093,5230,3252,8318,8102,5570,2629,6805,2336,4564,3845,5385,9917,7552,9804,2347,5285,514,7568,6019,8571,9882,9294,4095,3,5408,2077,2192,3258,959,7475,7485,5433,3381,8323,5525,9575,8928,3565,5464,3466,6228,7966,7458,1255,8223,251,4144,7314,7813,3672,7448,8922,2426,1295,2250,3500,2870,9274
513,5926,1628,8384,1675,5022,9993,3554,470,2136,3978,3336,2295,9361,6831,9621,4379,9403,58,6103,8010,2329,9324,7632,8264,5734,7925,3290,2234,3123,5845,8299,2904,4025,8620,6147,9911,2037,8272,6758,2489,4757,3990,5994,8005,1050,8214,8410,3545,4300,5722,7008,7424,7578,3891,4293,9563,5729,8497,2763,6223,5883,9634,859,5004,5215,901,9046,8843,4389,7817,1484,6198,2606,4456,8439,1962,3038,4832,3378,7984,9874,1590,2368,7022,3754,9737,9723,6437,8601,4018,6319,9852,5594,9335,7203,4840,6390,8876,1987
3953,9921,4023,6588,9013,9953,6531,1084,361,6180,5671,9619,7461,6625,5233,2598,9619,5402,302,6963,5197,590,8900,3302,2297,1139,3109,2284,6520,661,2754,2818,8800,4443,7559,6033,7832,1139,9785,8486,506,4662,3256,6302,2303,5798,6031,5998,4484,354,5138,4077,1080,4598,4508,5511,8054,7008,8722,521,2196,4596,9585,7900,4518,3334,590,7409,5067,1999,4271,1686,7516,3683,9418,171,8290,6265,5387,6505,7266,944,8775,143,2943,1799,9262,681,5810,6371,6512,8646,559,8168,5289,6943,2124,5432,7025,9564
4445,853,573,6294,7961,6911,3453,9468,5201,9538,735,2070,7750,9141,7825,2955,1518,8479,7848,2708,2278,3210,8295,8221,5706,5718,2860,6991,7962,4415,4462,4656,2790,6753,9036,9085,7472,2605,6896,1318,1234,1908,1457,5850,733,8223,7229,9258,4926,6548,8901,5385,2822,9759,364,3262,9730,3650,3091,1209,9157,1354,3321,8974,4996,6152,5831,6982,293,5278,320,8271,3399,8467,2460,5814,9376,477,539,206,6814,5986,1140,7962,6178,702,692,1360,7888,923,2378,2436,1048,8583,6982,7337,6505,5162,3263,6617
1175,1478,197,9642,9703,1238,4674,6566,2901,7545,5581,4277,2671,7537,8983,7284,4068,9383,2554,5331,9547,2677,2500,9276,685,2994,5915,2032,6358,7983,5017,6508,7959,2333,6008,1124,5157,8378,9207,4982,2776,6525,9173,5098,9741,1972,1111,2973,3964,4207,3114,6938,918,4020,2951,3065,1055,5938,2827,1552,6,2836,5508,8709,422,9047,1309,8337,8004,9178,1373,5047,4049,1735,5751,6062,2144,5199,9891,4899,6948,4114,347,2928,8014,3465,833,5111,3668,7394,5247,8045,8169,1894,1236,8210,6379,161,8959,5153
5445,6064,7604,8553,3828,846,7338,3319,8397,3717,8282,1765,1295,8798,440,6867,7337,4371,3798,9796,3989,4401,1568,3260,3140,8945,2470,3106,4088,7080,1436,8713,831,4617,303,7531,7000,2145,6799,5572,8506,5585,9017,4195,3581,4889,2559,9291,4667,2540,4312,7025,4023,1818,8562,5842,3735,2216,2189,5222,4334,7413,704,8473,6798,1366,8584,1998,6073,5430,1623,56,7714,7647,4210,568,5857,1741,7286,5342,2530,9170,7581,8870,687,1835,7370,6967,7769,5019,4255,6112,8557,6708,5235,2988,7039,3816,5676,8878
8429,8988,9389,8154,13,30,874,2607,227,4240,3410,5413,9261,2985,3380,8594,3404,1381,5078,8566,3843,6956,6279,4503,4736,9497,834,2798,4470,5875,8776,4691,4374,7461,4679,8608,4665,4981,4874,2294,855,673,8883,2331,8616,7117,8728,9379,1396,3938,9805,6447,8964,4822,140,6228,2311,5274,7249,6074,5883,4334,2441,4289,101,6088,9579,954,355,8862,2469,89,8149,1405,8798,953,3525,5934,5851,6676,6480,4333,1397,7519,2417,6504,8573,843,9720,314,8354,8357,498,5458,9431,3214,8064,6014,7896,7991
19228,36198,17825,18312,20374,6329,21235,4457,24185,7966,6425,26165,9474,2494,16565,6073,8827,29453,11735,3104,3690,5005,25862,14477,6865,11435,26635,33921,16610,5549,13099,3129,32230,8492,2606,4959,9123,15557,25059,28835,5950,12822,10088,11524,0,20252,16791,2653,12134,799,5181,21223,116,6723,36726,10939,2795,30542,6803,1377,4536,26499,26965,2176,18648,31651,35165,27296,13589,37138,13111,2867,9772,21547,33767,37627,18959,29685,13572,1183,9289,5329,31287,10707,3583,1669,5768,8586,30649,23404,4575,5551,13961,12442,4686,26178,5076,33169,14322,20778
9852,6087,2537,1326,5450,8278,8370,8333,2037,5444,8749,1210,8563,8997,2178,769,4742,8350,4693,4137,5027,1254,1322,8704,6029,2652,8648,581,4577,7222,3390,4012,5269,8942,7783,693,2787,3793,8646,4199,2398,5976,4794,8985,9347,8178,7089,7432,8997,652,3359,43,8281,5074,3661,2266,5348,2894,683,849,683,4098,1233,4430,8989,3536,1201,5691,8750,3485,419,1423,765,7405,4565,6682,6992,5713,6286,8777,6623,8754,4675,1413,681,7142,3079,6711,6524,5310,7151,5048,4880,4978,9359,3892,1171,2404,6849,8392
9701,2151,7603,5840,4029,5100,4956,6513,7437,3019,896,8259,3895,7753,1793,1093,9051,8763,9997,8642,368,5446,9976,5110,8735,702,9875,9227,5642,4314,3378,7207,136,3740,9226,5464,4738,4965,3089,9508,9819,5135,9925,4558,4260,2132,1932,8327,7266,5297,8290,5118,5519,2132,5878,1427,522,6833,6085,2196,4062,6299,5553,1275,1692,9,4181,4884,1598,6668,179,1196,9521,9758,309,4938,8627,2428,8342,8135,6289,22,3797,9044,6803,3788,6319,2432,5714,9817,8496,2834,6824,3581,9869,839,2503,8113,844,5312
8006,7388,1416,4378,3503,4785,5874,1458,9053,6401,1629,5659,9316,7831,6856,4662,2603,5692,2487,3192,9108,8852,7945,9258,1788,5175,6270,9131,6639,3891,7400,8176,6003,849,9223,535,5270,1188,3801,8128,2441,8844,7126,3781,2489,2528,7672,498,6852,6202,7466,9772,3839,2602,8774,8061,4611,909,5642,1873,5316,3550,3147,7267,5157,7906,2044,6781,524,8011,6785,9460,915,9084,5099,6149,3160,774,8506,1445,3704,6223,9975,5173,9905,2265,3980,6965,646,7476,4204,8113,3796,3190,9860,7181,4131,986,7345,6373
738,1205,9816,4968,224,538,1408,8934,4658,5608,4944,677,8976,2885,2690,5941,4758,3683,6556,9382,6204,2828,2051,4391,272,8761,6100,2035,5199,538,8621,4429,5480,5668,6803,3713,782,4563,478,7382,380,9542,7423,9374,5133,2409,2599,7589,9933,3567,7528,1100,5970,4306,7307,2611,948,4509,6400,1320,4528,6522,8269,3080,4023,8842,7005,2418,7598,2909,2774,61,3747,4369,3043,2908,2425,9366,8601,3972,4794,5649,4896,2698,9897,1836,8616,326,3319,7487,6443,1692,9522,5432,2514,5785,9154,8956,4825,4427
3117,553,7537,1319,3559,3958,8855,212,8440,2880,2503,4883,7290,2026,2162,9763,5932,3044,9677,8959,1900,17,7117,8677,1183,390,5981,6043,5164,75,6889,9460,8735,1132,3545,2419,5603,6127,3008,7981,7956,7810,3511,542,7087,9929,1624,1135,9128,4816,8518,8099,1867,2472,541,6089,7772,5110,277,9903,5009,3320,1738,6256,5751,7509,1535,3567,1439,8506,3378,2751,60,8019,4974,5378,8709,7228,6680,1788,5505,9598,5960,8085,9845,8859,2138,346,4511,137,4737,9512,2489,3864,4314,8308,8246,4530,3805,9258
7408,7376,9469,5101,7918,4521,8491,3904,7383,9764,5233,4299,2071,3234,1108,3752,3299,3421,8171,5316,5211,7743,1202,6254,3466,3346,5746,8639,1985,6724,9018,1991,2982,4965,8899,5014,2770,5339,5742,4128,147,7027,5067,3812,649,3585,2342,2034,8137,3934,535,3750,7749,1653,9122,3192,3297,2042,7672,699,9500,1582,2864,6871,1411,5120,7213,9288,7320,7498,4073,2394,5208,2190,8423,6629,8162,7938,4691,3095,6875,9868,7699,8295,7060,5953,7528,4967,8651,680,9685,987,5469,4029,1070,7241,6136,7829,5666,8113
5767,9440,8714,5076,7888,4730,8288,3224,9761,2782,728,7512,8311,9223,3270,8040,5382,4632,8207,9519,762,7086,2349,3989,2681,8325,9953,6497,7039,9323,6876,5683,3808,6345,3632,4076,3687,4684,5034,9105,2064,3386,5741,4869,2622,5795,8783,609,4408,842,5632,5393,7680,2330,5873,4589,8609,6608,3538,3471,2537,9525,2982,1584,3613,7416,7058,7008,62,3743,9015,3183,5970,2978,1250,3883,8176,9811,8619,838,3377,2361,3178,9844,5482,7492,8418,1668,9031,1051,7450,7293,7174,1334,4457,5087,5304,8597,6777,8058
5312,9558,666,5415,2816,4809,6848,2082,6081,3261,8808,1333,1024,9591,1529,1525,1555,895,4544,6689,8313,7902,7127,4726,7085,9580,5057,3050,7898,2363,2343,4647,6193,6153,1226,1237,2844,7357,4113,8289,9351,3990,522,5711,7476,3202,4929,2216,9392,4823,5400,2210,959,601,8195,7714,1957,8951,6843,6568,9903,336,4242,4899,5835,832,6601,523,5568,7120,4879,6176,2137,6456,3806,1037,3775,2628,2412,6229,5229,4132,2177,8585,8610,2839,6153,7794,9548,9196,3848,1626,7967,1138,1588,3558,8477,5827,5861,9258
5750,99,8093,6088,4799,2684,2580,4810,2273,486,1692,2584,1979,6056,8237,8106,8022,7081,8593,7810,2038,9933,936,6506,2151,2438,3396,1978,5068,9507,3946,5844,6065,7146,4015,8586,9204,7508,2855,7968,1427,5045,6106,7038,3833,7286,8872,558,1382,8630,4217,4113,9591,7502,9810,2335,962,3845,5002,5702,9766,4928,4008,9949,2610,6653,9642,6711,2991,5311,14,8837,4043,3012,9505,4606,2876,846,5821,1530,730,5805,2870,3619,7248,8583,3479,9617,9535,2060,7682,6155,9189,6025,7021,7436,3850,2515,367,4721
6450,2789,5178,2456,2975,6504,8913,8611,2099,3990,8878,2565,9668,6191,1653,8262,6556,5464,2513,401,2333,3611,6334,9861,2071,7570,8863,4722,1589,8109,4765,1162,8757,6351,972,9084,350,397,9885,6861,3766,5043,7635,488,7259,7013,4588,5822,3390,1706,3991,9197,2260,3610,3245,835,5126,8328,9046,7236,3830,2980,6917,8804,9245,812,4826,1282,2529,8839,1962,1213,5436,3146,3820,7915,8391,6802,4169,6428,2140,6172,6751,6010,3463,3644,1714,7953,4926,3546,7750,2368,8448,8165,8462,3701,3832,8613,4639,5705
6953,9609,5463,6365,5708,9271,8637,1698,1787,2435,7517,1991,9829,7096,1754,8583,9094,9616,5705,5628,1766,5136,5484,1652,4938,5351,1988,6231,263,3187,5330,3267,6021,3619,1349,9138,6405,6587,6753,7445,8421,5166,1518,3806,8210,1713,3299,9664,8062,2221,9997,637,4254,4043,4002,1119,4243,6135,9880,2199,3540,2662,2915,1883,228,4494,2436,8687,5286,9141,9739,5854,1189,9265,5935,8836,4244,6072,707,9247,6420,1045,7002,3957,849,2144,2488,2266,7030,7541,5472,5534,6305,9854,6342,6004,9091,5708,3354,9571
4399,6015,7202,6787,2127,816,2744,8675,5593,4646,4303,7739,6539,6577,1610,4323,5050,3753,4803,3424,7771,3839,7115,4809,7291,9375,5172,9030,2181,8732,826,4654,219,8082,1792,1653,1816,6914,2137,2980,7683,5011,9094,578,4367,5722,5650,8238,1261,3001,21,9511,7663,7513,1388,3493,1513,4967,8086,6328,6884,6395,7293,8598,6269,1805,5733,1635,9060,773,3385,5806,4752,8053,5307,2273,7094,1486,6581,6339,2293,1822,1663,1496,2027,9549,159,9575,256,9711,2975,5250,8623,8964,1890,6607,9412,9757,1079,1789
7465,494,712,4891,8498,9970,43,5426,8613,9091,8453,8788,7461,1174,5090,1688,8311,9280,1694,8837,3878,3825,2714,8678,7415,4478,7096,9443,1741,2446,6409,8086,8533,3981,1154,802,3604,8289,2146,7910,6546,261,7857,9225,4923,8340,1313,7597,9257,8327,2594,2130,5223,3973,4791,9939,6044,9449,4904,4379,7726,7440,4429,530,878,7979,6555,323,5570,7198,1104,2166,8110,1386,8819,9235,127,3771,1678,5402,1016,392,9332,9715,3609,6442,679,2079,396,4693,1501,9913,4270,9553,7242,5808,5402,7054,50,7825
8890,18981,11706,17904,832,19683,29033,10702,6035,24720,34432,4667,32058,23550,13852,40434,44649,44767,48060,33308,32025,33177,2357,4284,32829,5055,51741,9430,9031,17013,26715,66792,36723,33400,29136,28551,58319,26953,16928,1348,47134,35958,17511,32494,9190,12842,22609,27275,38346,50729,34904,35455,218,6367,35807,10288,14380,5138,35625,25114,47469,45560,42067,60230,6628,58340,15221,7718,8234,37923,44432,35686,6770,34765,32905,2146,15838,37744,29643,9752,14641,15725,27381,5496,30559,51220,10280,50147,65969,29622,35092,1431,29624,3928,13447,17805,2857,51331,28867,43010
9898,3498,2085,6658,9733,6227,635,3735,1662,2312,522,9017,7932,3730,8320,7538,6218,3940,3592,888,3416,5486,4605,6454,5135,8144,971,4637,5898,1871,6113,519,5757,8423,4997,4390,1490,282,7566,7961,2935,1152,3750,8288,8417,6652,9601,9431,1127,6482,4808,665,8977,4972,7713,603,2624,6510,1336,6385,3849,7656,6529,3814,3000,3401,9189,4562,4425,4541,9452,2191,8824,198,3417,7660,3428,6188,4530,101,5990,6015,6494,3427,4933,7017,8878,550,983,6497,7640,9879,1253,3644,6762,3757,8634,2919,1334,6726
2025,8685,7511,4193,2,1494,2738,8724,6012,3211,2842,4353,9037,9251,5052,6275,7192,239,5749,465,4225,4677,226,650,9239,5341,3668,3639,1513,1496,3507,3359,7840,4867,4648,1312,8863,6745,8351,6564,9839,9797,2501,6245,7282,4981,8498,1909,1241,27,1529,5341,5106,3852,3105,35,8152,6384,4483,2440,8033,8239,8521,4672,9707,8412,785,2375,8175,4058,4663,9515,9650,7652,5745,9159,4954,1660,3260,2964,5583,674,689,1667,9474,8110,7104,9702,9984,9874,1500,9584,5304,740,3118,8951,8347,23,6402,8031
2451,641,2631,1027,4837,4188,3812,8867,4205,2838,481,2191,2391,292,7023,76,6109,4080,2489,6524,3202,1036,5355,1648,8834,6664,8477,7626,8070,6329,7104,6886,3209,5316,8731,545,5003,4327,9042,6301,9830,5852,8406,4688,5452,1791,6344,9629,5340,4796,7936,927,8808,38,5115,6784,5657,4784,3205,6015,9131,6825,9467,990,5110,1101,5452,6887,1474,7775,3990,8983,3070,610,2194,828,9503,163,1146,124,2162,114,6424,5169,2455,1937,908,3684,77,6027,4788,3081,7444,8393,2624,5142,4467,3412,8391,9824
6264,1812,1230,5799,3285,2681,5502,1805,6784,556,340,2865,773,9005,8466,3957,1692,4304,4162,7287,4064,9518,9119,9514,3460,2902,8867,2100,1308,5205,9054,4025,2157,787,9330,6028,3774,6649,7921,3334,6926,2038,9587,7118,1669,4427,6329,9299,5293,6264,6808,9232,1528,4057,3124,6939,8906,4906,8058,3264,5498,3887,8968,6761,8284,1100,2792,7676,2160,340,4365,9368,2620,5697,3595,268,5004,8270,2589,458,2464,6607,3294,6595,130,7180,3911,335,4060,7163,9213,9840,9834,8963,8657,8009,5549,4188,1271,6546
8639,2746,8401,707,3787,2681,1529,6310,3163,9591,4986,7386,127,6053,5764,8073,6549,8782,9023,1522,1925,7909,607,3898,2999,7341,1042,7925,7827,5324,2533,709,6258,246,620,1296,4506,6723,8561,4984,487,3138,6416,7863,2891,4978,8184,5951,5364,3308,4116,7940,3432,4626,3678,6795,5677,6517,4911,3984,4774,665,4110,9690,7807,7290,7656,7565,8432,7701,9786,1113,3960,4920,2580,369,9743,7264,1479,1478,7048,3809,764,4108,1429,7989,9302,47,6500,6785,2536,8431,2939,268,933,7978,7114,7834,6239,8254
350,4054,2496,4809,8808,2806,5991,262,1552,8339,1948,8297,3380,6711,523,7343,4994,9433,2897,3765,1137,9648,4325,845,7166,5067,3280,7535,8360,2537,5344,4351,1577,6004,9374,1077,8999,5504,4273,1523,2475,4473,5327,3546,7731,8816,7340,4064,6041,6411,1274,4961,3104,5785,9436,4269,331,9294,9249,3583,2599,7868,5115,5625,6847,923,8725,9429,965,8458,9094,113,5236,6503,3851,6493,7628,5756,6319,2782,8398,4268,6316,8334,2701,4007,5542,4438,903,7443,326,4297,372,9757,5223,9096,3832,8844,2550,9090
8945,3985,6250,5676,8945,2141,38,8805,2351,2448,6409,3045,8256,8836,9453,3907,8013,1571,6251,6989,858,5311,8885,2636,2347,8396,4955,1523,2307,6579,5629,2918,6223,7159,2807,4122,3622,7813,1354,9020,2896,4995,7835,6770,1498,6966,1290,9459,8864,5150,6794,9767,1254,7522,8270,7814,1908,4286,144,3252,1347,4505,5722,7920,4197,5325,9257,8990,5448,9011,518,8086,3349,2286,8224,3482,1654,281,9553,6802,8605,9390,6801,9174,2566,8856,9200,3000,733,7674,849,7287,4478,6512,1695,5314,6338,140,4703,8863
1140,4425,6595,2947,9503,6942,2068,5547,8792,5578,7523,8949,8418,1308,1891,1536,289,90,5964,6090,9189,7335,3011,4955,2581,7328,1167,7460,8097,7452,3371,5843,4689,872,8287,6859,2673,9694,1837,2999,4111,2364,1950,7053,1805,5223,2961,4627,9252,2158,10,9066,6800,5149,5220,1029,9968,3589,6252,3933,76,5452,5091,2467,453,8417,482,3163,7834,9724,5864,7780,7276,6509,6646,9387,5350,3984,6704,4405,1328,4391,5476,3951,3982,7513,5223,4904,886,2508,4475,6379,7094,9926,9321,922,9535,1628,9704,5970
2402,702,3000,8135,767,3544,1320,1581,621,7018,864,6167,1737,6513,4987,2845,8305,8183,9381,3,6403,73,1064,1067,3671,2396,3461,2496,3870,4210,6400,7875,2699,8439,7404,8261,1821,654,6103,7015,1116,958,5978,8122,8145,894,7312,9038,4522,706,2412,7318,404,4245,5402,9538,2089,1163,6462,1084,9835,2483,6063,8167,8300,4890,7607,9151,9009,2142,5470,7847,1944,7468,4755,5832,2605,848,2981,9171,4705,2694,7629,7721,212,8799,7981,3241,6690,2962,9299,2819,1688,7451,4771,6534,9665,3130,764,7914
3653,5850,1833,769,1536,8268,3009,3838,6507,8173,7662,3741,1898,6465,36,2828,6385,5920,3252,9889,1232,7358,1566,4346,8322,3599,762,5569,2739,1320,6996,4859,1827,1012,2015,1347,3237,9505,5321,2476,4372,6690,5476,6090,8631,3807,7489,1567,581,3397,8171,3775,9726,6053,3382,9279,8984,8507,2567,2855,7799,7014,4925,9676,4761,9949,4905,5034,7687,3880,4532,1328,7585,5652,6486,7980,2204,8578,9047,2920,7258,3394,2726,1702,6640,5358,8291,2673,1761,4311,4756,7852,1306,513,6275,290,1361,6945,5156,5425
8084,7936,5018,2766,1196,8866,9702,9425,6381,905,747,1824,316,7249,1441,6359,7898,5662,3774,8215,3048,3193,7849,5037,2610,7324,1629,9210,2222,836,737,7695,8176,7404,7582,9611,4664,7870,4225,9437,13,9812,5701,3464,5575,2997,1590,6652,6842,7924,3486,2500,3450,3286,9274,7560,2882,6061,7660,8461,9019,5957,685,2180,8694,4142,6612,7834,2478,5544,2295,69,7666,218,3931,2525,2042,6622,9147,69,7464,7996,9078,9745,1198,5189,8219,6370,9539,9469,9666,673,4375,3208,1340,1345,8059,5247,9442,9883
4098,3711,2268,4460,2662,4591,4329,2596,1337,4192,5068,3243,6846,4430,4356,7930,8155,7521,7892,5012,5551,6307,979,2456,6157,3049,7669,2672,395,2965,5563,9690,6891,7178,5590,5333,8757,3931,4580,2082,7572,5466,3573,7010,1092,66,5973,6591,5800,9099,6360,5255,2596,511,7319,1642,2804,2594,5471,5412,7881,8696,7875,9694,1804,9306,451,2406,88,6715,9048,5724,1554,5023,5677,1882,3242,7160,5529,1422,3803,3965,5767,194,5775,9322,1068,7321,9705,6088,7196,3027,4590,480,3853,3617,2875,8167,4505,8066
7901,2829,683,549,6375,4242,9055,4173,1540,5400,9370,6609,3946,2589,8479,9450,3770,672,1815,5757,1858,2914,4616,3469,3181,4599,2358,277,6584,1588,8026,4085,3273,7460,7463,1739,1175,1740,6274,8418,5100,1657,7143,9070,2185,8709,2118,8366,8593,5233,4773,8898,650,5094,6208,7335,2300,218,1389,7695,9697,3867,9934,3263,1371,3847,5626,6338,5416,3149,1593,1526,1369,7098,4648,1132,7008,1799,8036,5139,5484,2078,7845,5264,5710,4220,7211,731,5948,8619,4488,6525,3034,6074,2789,7995,7961,9540,4443,4568
5998,8426,312,1872,9435,9479,4529,8108,9288,6727,3723,4057,4388,6786,4650,9532,3547,3390,8958,5454,7492,1248,4532,747,6633,7036,9189,6600,6901,8537,4679,4584,8061,8247,1904,256,568,1429,1714,6258,295,4723,6784,1147,2360,2890,1727,3237,8011,2996,7756,5527,5546,7306,7736,9008,1381,7940,1894,289,1273,1337,1283,9352,2732,9426,6381,8725,3670,2362,1873,5456,2551,3058,155,5874,9625,8498,79,6340,3592,1140,5408,4164,5171,8861,1494,4346,590,3810,7223,951,6671,2964,5985,1518,4363,126,2290,2636
5113,2150,3461,7478,4136,557,3900,4744,8253,3036,8217,5656,543,2600,5890,4797,1986,2390,7801,6173,1441,7161,4015,4623,7072,4012,143,746,5910,4460,9266,948,3754,5460,1116,9044,6332,9054,6305,142,3164,1118,6294,607,6739,4774,3055,5163,7070,8136,3158,3113,3449,6663,8610,7617,8758,8712,1727,8502,9595,7702,8750,674,6467,3241,6403,8797,3736,7667,1680,5197,6274,7139,3064,2636,9160,6150,931,6277,1920,7769,8644,3335,1354,7654,3186,2523,2000,690,5519,4038,7501,4871,3847,614,2136,5438,4106,9009
562,4435,5378,1340,5409,8573,1980,1556,613,6610,186,2911,9738,7646,2436,6821,1378,6298,8570,8998,3483,4863,6795,7041,4608,3642,2802,762,4446,1657,3987,9205,5113,9141,919,9930,964,3131,7853,6024,4659,2981,1331,2950,1666,3170,1098,8320,9715,2182,7060,390,6163,6693,372,33,1424,8624,2760,5316,5222,5676,3330,4134,4143,9839,577,3965,7913,5941,3095,9018,931,3190,8869,6574,6845,4739,1412,9509,8826,4374,8349,3251,3676,7948,993,9517,14,2954,484,4427,7898,9135,5332,8040,5626,7508,92,4767
2503,3079,9669,2088,5204,2255,5672,9981,1318,9546,1238,1862,6465,1281,813,6592,273,9851,5393,3738,7067,9474,3822,6929,6020,7752,5918,3761,8506,2257,7969,9968,2813,7103,6646,4148,4982,9491,9531,7329,3846,400,5829,5647,3551,8802,6245,6240,2957,746,2937,2347,3459,8484,1603,1578,5086,6033,1614,6354,8439,7822,2645,3147,1832,4474,3266,2798,9317,3996,3794,5928,685,2052,7236,5751,2002,8434,4237,5447,5279,1851,816,4640,305,4349,5578,6387,342,7099,1693,5933,6080,7723,562,8547,3842,3996,3254,5553
2954,3661,3490,6302,6644,9921,9443,3503,1930,9195,2886,5508,9193,900,2577,4270,5777,8995,2182,9670,4339,7848,5252,3312,4315,7179,9162,8900,1347,1199,8934,6530,402,5047,8944,3857,2920,2340,2009,3803,5947,2683,6224,8045,1039,7292,6485,4746,9329,964,5991,2335,323,5798,8421,5568,8398,2049,6212,1740,2895,185,7015,9520,7490,7567,5420,2820,2448,2863,9631,2307,5373,2050,4340,1422,3755,7935,8128,9037,5403,8178,7084,432,1459,2333,2467,1702,2350,2754,9516,3466,2973,4044,3022,7573,3597,1248,6171,3555
3629,684,8671,4579,776,9049,2817,6138,6618,2000,9599,6651,5413,8689,5570,213,4826,8079,7360,5723,89,7182,4494,6596,7532,8047,291,7798,5673,761,2516,1334,5644,5409,689,9884,2511,3154,3006,420,5279,2560,4087,9475,9192,1212,5919,3596,7193,5235,2608,4930,8558,7244,1991,1572,3704,8622,6847,6341,1413,793,8761,4204,4876,4603,5156,2719,2315,8995,9087,6036,3652,5985,6684,8945,873,5390,4284,6171,5588,2258,1045,99,591,3226,7794,3354,6195,9928,6480,5397,2322,7398,8889,8598,5970,6547,9150,4331
2897,6318,2954,6220,475,9946,2067,6073,3476,7177,279,668,9270,877,3324,5261,2466,5429,7808,5218,9319,1471,4167,2802,5981,364,636,3228,983,1700,3711,397,7092,6413,1740,621,4066,4630,2026,8695,5979,230,8994,4529,580,1062,9984,8663,6152,269,3225,4637,990,5709,3258,4504,5778,748,573,3009,5217,5618,2415,9127,8257,4445,9820,5782,2344,8105,4512,2499,9554,1426,5125,9719,6483,6146,4696,5777,9113,3762,2287,4235,2736,4445,6275,5346,3854,8734,3003,4000,5177,618,2313,1184,987,8902,333,8390
5072,1137,4904,5994,902,9782,6530,4611,8637,2628,8239,3289,9413,2441,9571,5108,5645,9937,7709,3138,578,440,8129,4120,3841,5231,8921,4059,6043,948,3359,1448,2448,3789,2703,2156,6337,7997,2085,8962,7457,5363,9699,5648,2176,8577,8619,3132,3269,8400,4925,519,7780,4266,2799,3335,3669,7947,386,7266,8726,2858,6568,2318,6219,751,9667,6099,3837,305,8575,6035,8478,5046,79,9190,4107,7323,1511,8152,9096,7779,7571,4051,7019,5654,5847,3449,7042,1608,15,5620,5464,5508,6945,9274,9442,9032,6041,9262
1169,3407,367,5383,7372,1812,4262,981,3032,7801,5369,7690,6389,8931,606,1757,4163,7397,8929,258,1375,4240,7645,5244,7544,1698,6727,6186,68,7402,9917,1281,3605,1910,7144,1778,9868,169,397,8043,8597,5662,7541,5195,5859,1907,5034,509,560,3351,6309,8919,6734,6852,6957,7998,6606,5199,3317,9341,2464,5112,7403,2541,8455,5381,9101,3507,9353,9277,5876,1017,3668,2758,2661,2265,13,8930,4535,5784,3156,9940,9838,9645,6662,7261,3340,5227,2733,7183,7780,810,2215,2039,6240,7252,8343,188,2021,4690
3784,3403,638,7613,4026,6742,5510,514,3075,9654,9314,3780,6176,5625,8305,9577,755,8880,5624,1943,2214,7057,5967,5863,9684,5817,998,1666,1020,1462,6715,6398,3724,1628,3895,7999,3997,7551,2952,6400,8851,2096,4803,1129,1323,640,792,6269,4113,6385,8565,7635,9761,7815,9355,7391,2536,7192,6935,7733,7472,3183,5104,7730,5728,9538,1715,9072,7522,2861,6274,4628,1294,5493,9695,4421,5909,1109,1998,1629,368,2727,2301,3585,1343,9985,5135,3878,2498,3647,3990,9263,4954,6091,48,5877,7774,6571,5283,8257
9624,3137,7970,2851,148,941,3287,3055,180,1622,4439,7667,6812,7145,4597,9192,9889,9326,4615,9049,3864,6030,5603,8458,2847,6633,6022,6564,3099,3316,1882,1006,2865,3548,5357,9908,281,7095,9051,8658,1191,9552,4409,8757,8649,3551,6311,8645,209,768,3767,1491,340,7822,3272,8174,1736,6761,8756,7571,2296,3589,3631,2674,3372,869,4515,4546,290,6371,594,1692,6846,5545,60,2880,3766,1464,745,4607,3703,8245,5375,8175,4603,140,49,1662,3659,7182,1594,2787,6449,2872,3219,1554,3876,8957,8877,3936
6754,2522,9499,6246,2069,1096,5658,2743,711,1584,495,6808,7817,8073,2650,8959,6079,144,3440,5336,6277,4467,8111,1448,9748,8337,3401,6162,3037,892,5215,8252,7639,9476,3335,3897,1504,3337,5536,5502,1604,1170,3985,8313,1850,5007,1263,8646,7666,5643,3895,4901,8869,9050,4983,5292,9097,5786,7757,6613,4696,2197,6025,1842,1975,8619,1256,6455,4373,6126,7374,3032,429,8355,3693,6613,8957,2741,9978,8343,7913,6566,5436,3866,8222,5953,7816,9876,7882,8529,4856,8737,3338,2053,4943,312,8275,2642,6775,7938
6818,6507,2373,4774,9364,2411,2091,2724,7758,3314,6030,1840,874,3089,2308,9091,9368,318,5936,438,4249,5215,8403,6250,2551,9046,7673,5626,8971,3680,3377,6188,868,3755,1873,8105,7232,6746,9139,8209,5487,155,946,5147,9524,8430,9350,9734,3725,3209,7832,2122,9591,9302,3657,3449,6926,7165,8003,5936,971,5595,430,7576,6596,5994,2269,7137,7245,3442,327,8436,7703,5096,7069,7911,3306,9136,5766,2879,2668,8901,3661,1500,9463,6508,9822,1938,8287,4938,5907,448,5644,6335,4981,596,5151,531,8436,5946
6910,6472,6234,9538,1769,4749,8424,4969,7624,1798,6916,9144,1626,4281,418,2257,6661,8713,3447,272,9052,4710,9104,3279,6911,174,5123,3318,3361,9533,7505,3339,6328,4155,5765,9595,6158,1505,8382,7261,1088,1613,2970,4235,5284,2751,8279,7927,2737,6156,1015,6699,3474,6695,2953,6804,3937,3918,2069,7245,8193,9264,5141,1931,6029,1981,4103,8530,4290,9256,3730,6982,5886,1008,4124,9247,555,3840,2406,2278,3571,9241,5024,8032,3502,4586,9511,1329,703,7060,9317,1089,6516,1460,6939,6256,437,7979,9862,4367
3447,488,2252,5810,6013,2525,6543,600,9405,925,3339,6510,5039,5309,3791,7689,2825,6492,9221,3306,8134,7876,1243,1573,4149,6873,6576,6799,93,1286,7639,8419,7469,9445,9197,2230,5097,7877,5224,6173,5582,7309,634,4927,2299,3373,5516,7436,4123,5076,1289,2148,2928,4499,2402,2632,8915,5861,9386,6180,2507,1025,5463,4426,6915,7594,3994,5674,2055,9435,5128,2762,2291,9529,6894,7078,6569,7789,5804,5032,8787,3929,2426,2816,9047,7026,8530,3786,6330,315,9200,4697,5199,7663,3362,6259,3269,3111,6460,4336
1028,2361,9717,6989,6594,3261,198,5704,363,2647,1906,4493,7686,6279,3147,2920,782,1719,7212,894,9178,4296,797,5721,8317,3473,7798,7083,5909,3769,3938,4283,4230,2189,4967,398,5648,491,8722,8600,3382,9740,9547,9886,1577,29,2481,3462,2333,7558,2259,4484,2594,3457,9029,127,1322,3880,8406,2132,9352,9698,3752,9848,1220,7609,5793,6211,4899,2204,1441,6351,8024,6696,4716,9444,5914,2267,6838,3206,7489,9981,2697,9318,6963,952,2458,9346,4797,8825,7793,182,7707,6858,8676,5805,6261,1111,2136,363
4445,3265,2872,4964,1817,9337,9401,5914,8,9030,6828,738,9963,3144,8092,4614,5871,4776,5524,1753,5872,1548,4454,5376,4619,8341,9961,9722,7459,1999,363,1886,5775,6282,3647,6365,8912,2535,2863,1254,5285,8207,2997,7876,4370,5505,9861,6897,9701,959,8980,584,1233,6307,3700,3195,7956,3017,6074,4619,2925,8324,5705,705,2663,1708,5603,2020,4923,7293,9549,7623,800,9382,9744,6071,9574,3306,9012,3,4832,1474,3149,1713,5929,6576,3489,536,471,558,715,156,9736,7348,7523,333,1176,2612,8933,9720
9940,3467,2923,1872,7431,7180,1888,4339,455,6554,7810,8628,7853,4334,3478,553,8194,1060,60,2750,9427,6742,3856,8569,6748,6080,4394,9612,8229,104,1416,4828,5806,2929,4388,3982,1373,9527,3600,8369,413,4238,756,3138,9459,8545,1735,5358,2948,9028,813,7874,1744,7199,2320,2071,2161,9766,3818,6352,465,2320,8748,4601,30,4649,8240,8718,3010,2360,8315,4377,5070,1854,1515,9068,9927,3900,8268,9540,8938,8410,6832,1718,2375,4342,250,2686,9801,3126,5717,6116,9015,3960,6927,2044,628,6223,6880,2967
5715,3162,8095,3655,6987,6334,9645,2007,5981,837,5444,8461,406,3293,7093,8603,5009,9947,4286,2673,4729,1608,1589,2683,7571,6091,9669,7733,5728,4502,2870,7523,943,1067,7348,3545,5806,2988,7136,3604,7184,9953,836,4682,938,7251,9120,864,5199,5526,6851,2996,6018,1985,6567,6983,4596,1576,4217,5960,3223,8307,1226,2511,9376,6552,7529,8108,484,4147,7254,1390,6325,2468,8399,8366,4530,3947,9616,81,3984,4877,6181,700,1426,6542,2183,1191,431,1655,5111,8672,7662,1349,649,6724,4822,4954,3134,3235
9091,4503,7486,1852,849,2070,5589,6616,9392,402,1636,4381,3256,899,8103,3995,6553,5668,31,6513,3170,2659,4604,6231,8018,5611,248,7935,2730,8229,6885,6039,3869,655,9985,6610,2291,922,2409,9025,2173,4795,9092,1937,4479,6178,5942,6658,2676,4238,7993,9323,4697,3063,4393,3068,2750,1387,1665,4939,865,9268,1484,1604,7177,6748,3585,904,82,3727,7883,4472,996,8058,6594,4523,5333,5266,6296,6465,1918,8017,1965,4112,2356,2722,86,9282,5202,4641,5235,3368,3323,9882,4737,7468,6699,7955,2725,2839
7172,1846,8337,1696,9532,7225,1342,8530,9316,5641,3988,4416,7016,2600,285,9479,9961,7794,9894,4875,1279,4643,7425,6733,8739,7582,6171,2748,3363,8357,3858,803,8655,4353,1720,42,6525,3696,3761,4413,5161,3001,4783,62,1714,3035,7444,5808,7012,8046,8519,1177,6572,7529,7021,6051,382,1951,3306,6428,2174,769,9805,2067,9832,6103,2479,5179,7128,2598,1146,5496,2189,3121,9731,3091,9462,4105,103,3100,1552,9940,4502,5452,2623,8825,1030,8235,4271,9203,5280,8708,3528,4001,5979,9115,1329,421,4010,5957
9196,2937,5450,7816,3274,952,4416,290,6753,1115,1996,5301,6273,3736,6064,8463,7019,3928,5718,2497,7273,3433,786,3022,3004,232,1761,8609,6559,8565,2709,8959,2087,9641,4143,2295,8183,3604,5015,7476,8318,3944,966,2653,7919,9368,5682,9380,5972,9879,7623,1856,5167,6401,8689,6001,9996,1291,2933,4768,1295,2281,1810,6720,3257,7905,5460,2305,6867,490,5726,9937,3629,5587,9272,2598,8324,1751,8798,2796,8494,8067,1891,9785,2537,7785,8107,4979,9157,1009,1358,8583,186,7283,8166,1162,4885,3474,7738,2852
8244,1730,8636,9260,1911,503,5484,95,8283,9085,7053,2433,5892,9388,8955,6062,7923,8361,5601,6,2512,4319,4306,8752,676,3399,1770,2460,7278,2882,2373,1396,2207,8175,3782,6655,9358,4264,6051,9695,3646,6644,3147,8857,2955,2953,9070,4928,2071,258,1702,3023,9614,7836,6732,8407,4208,7037,4812,8205,4373,8599,88,9960,2751,335,1521,4796,8888,2834,7841,1703,7312,2466,818,8529,6865,9581,9850,5347,9059,4766,8896,238,1287,7406,3910,3936,6018,238,3876,567,6895,5203,760,4062,4302,6593,2183,810
4676,7286,6139,9006,2527,2201,2358,8101,7024,8785,7110,6610,4395,5627,9903,9573,3368,1554,4170,5544,297,8667,8944,4971,2092,7215,6997,4607,1705,7943,8885,1425,9396,2,4388,111,2345,7069,6941,2651,3265,932,415,7592,3248,5218,9518,6689,4731,6493,6656,2301,8048,5027,4340,7090,5552,2550,752,5890,6742,5880,5336,4726,3238,4309,7649,9964,2650,7920,1346,355,4539,5629,2308,1447,6771,3540,5104,6947,5952,5061,7763,6852,3194,8321,6608,5870,190,8369,1140,8404,3375,4294,7937,1415,6080,9306,6364,477
6983,2571,6909,3631,5418,2221,9054,3735,788,309,6269,9370,3199,7451,2889,1243,5140,3875,9786,2918,5923,5713,6158,5609,2798,1518,7330,396,8016,4064,8300,9710,4224,539,7870,6300,5088,5676,3091,7471,3366,8833,3336,7960,8047,502,4025,9651,4143,3305,6363,8580,7882,5384,7416,7397,4447,8504,4945,9481,7977,1330,2377,1277,5341,566,4685,9826,6822,8709,4962,2876,1830,9612,7562,9503,6712,1860,2898,582,440,2795,1704,6771,9024,3519,1001,7930,4684,6873,6830,4214,6593,6334,5251,1912,5119,7483,4198,7374
6864,9557,3079,3423,3870,261,6335,5652,3655,4214,4622,3144,2256,1159,1339,9465,4924,7482,3109,77,6156,3575,6488,8459,1013,5883,5823,5218,4546,9667,1823,5593,6264,301,6422,8381,3951,4373,848,5813,8716,2069,946,1879,6678,7324,6310,4682,3143,6414,5620,6637,1248,6740,6803,9301,8288,1781,9492,1996,2176,85,3006,2744,5864,3965,1864,3928,1545,8323,1497,6795,7500,148,1422,306,8087,471,6661,4560,8030,3584,253,2185,7109,5489,8696,7388,1032,9714,7387,138,6791,4855,347,1144,766,6078,2334,1420
5301,9303,6169,6898,2344,2068,373,6633,5072,4858,8617,9655,7596,2466,6762,7593,5861,8224,9268,6375,189,1843,267,9350,4844,7947,4568,4942,4257,8917,8742,6331,2922,2916,2455,7043,7746,8226,8061,2537,8004,6297,2315,3810,4532,5005,5405,3451,2914,7035,9340,5941,5930,7387,3726,4532,5093,9287,4507,6374,4593,5537,412,8022,6715,2003,145,7631,5675,6542,6347,7343,8873,6659,1206,7137,4472,6409,6489,6783,588,2239,1679,9285,5152,6733,6677,814,2250,2841,9137,2291,2486,6762,6484,7036,8370,7273,194,5837
54498,38310,35062,33851,49880,40949,8166,33687,32779,23997,35017,56308,38199,29359,40417,53637,48027,29033,38528,40474,41620,44683,18189,34961,39042,42808,4929,23058,51062,6240,52888,4681,44033,45279,23712,36034,9359,27695,46684,26122,11061,9556,12038,42274,58542,44652,49609,62848,7288,55771,18745,22676,32659,37292,23322,32477,41822,56205,43487,39362,22405,27001,39902,34869,39515,13523,54031,34367,20116,51167,51977,24199,64149,26832,28331,56569,31588,40720,40793,14992,27544,41204,54158,26553,19304,38807,38640,17707,36284,35639,38529,44057,9370,21340,23759,28449,36195,20662,20998,24948
2876,9243,2984,5363,3336,2372,5452,1076,1371,944,3108,8126,5135,8664,9804,3266,2196,5182,3530,8594,2600,8437,5828,7194,3435,92,1924,5073,242,5500,2761,6962,8813,246,3412,4214,800,793,723,9003,9693,3913,3135,5533,7920,7983,8632,7979,63,9199,179,294,7114,5384,5245,5022,656,2300,1170,9897,705,600,6615,3440,1285,6371,7464,8052,2690,4339,4018,6081,7700,9411,1314,2557,3783,9937,3409,8995,2374,2200,9910,9511,6382,5041,3581,7684,7843,289,524,3234,7996,6302,9828,1582,6166,3087,850,8768
5907,3031,1680,3398,674,6534,2442,7579,2990,4188,558,308,1865,2709,662,3334,499,1013,718,9045,3118,5917,3776,9515,7424,8870,5989,6896,3911,2232,1312,1724,9386,344,8795,5223,8082,4475,3465,7571,3602,5566,8887,8401,2440,4356,8285,1527,7579,8765,5021,5702,8514,9846,7902,3506,5019,2552,5098,786,558,6349,6169,814,6095,5446,8559,6426,2716,1067,605,6218,6990,2749,4219,3658,821,697,1208,6778,2189,2372,86,7271,5610,5519,7422,8246,3933,1359,1957,7203,6696,598,3842,4912,7741,1478,4855,718
7874,3937,2361,805,790,9274,2047,9565,3397,9599,3431,634,6124,5556,9064,2012,7876,3477,9721,8360,7118,2149,154,2100,5364,1084,8537,9108,3337,4691,28,3109,4852,2621,6831,9111,5705,2652,9284,642,6263,9482,5163,9567,2720,5269,9111,2146,8267,1383,4377,8752,7043,4970,6096,778,2414,257,8464,148,5504,1196,5879,6222,7470,3099,9164,7822,1010,2811,9075,1110,7898,1022,7679,6620,7731,9319,1768,204,8336,4731,1086,890,1151,1679,9725,2860,5990,8522,2447,7271,4007,3105,6538,3918,1193,9785,5182,5077
3250,1972,8628,2678,5386,5514,9632,2695,2657,3099,5573,3781,2457,6761,2612,9614,4975,4277,5677,6130,8069,8807,1599,891,3131,6073,3787,9255,570,9940,6669,6171,1478,289,5724,299,7115,2140,2551,9585,1818,7984,400,3091,9670,2669,1218,6073,6453,8744,8973,531,7595,8589,4817,750,907,2002,7782,4072,8270,1479,7329,1498,8384,5453,9611,754,9338,3594,669,9659,6494,4206,5964,3470,2176,378,1534,3733,8768,4411,6377,3878,8372,7663,1255,926,6603,3776,1077,6238,6216,9116,6061,4853,5767,9821,5185,3487
9828,9920,8961,7415,6647,7333,4359,3996,2178,8816,9420,9489,1064,579,1637,5274,697,101,916,6074,560,6581,5758,738,2415,3512,1267,7394,4456,176,6817,8808,1398,8108,2528,243,5307,9348,7693,4047,7178,4813,4411,9423,5787,7836,7148,1421,6929,3936,1277,6409,4975,639,5235,3145,8548,90,2025,8806,2180,3176,3439,8000,5710,8132,861,1921,6295,638,7429,6034,7984,1605,7379,7570,8813,4292,1874,3030,3207,4420,3618,6256,9388,2869,2446,9208,9262,3099,764,7808,1307,4614,4401,6050,1270,5990,1321,1153
4410,2711,9441,5166,4452,3085,4695,7794,1688,224,7087,6051,4136,9147,4771,9162,4969,9275,7036,6946,45,5402,4129,6281,5435,2160,5521,8627,49,1250,7750,203,1426,3204,9047,6141,158,3113,1927,2754,267,8306,7642,7211,8227,7645,1205,3843,279,13,69,1677,1504,5154,4188,5938,2769,5928,5851,1215,785,320,1681,5241,8413,3064,1911,651,9460,2447,6253,2066,2417,7434,1560,8231,939,9798,6532,2841,8672,301,7609,8961,6188,7207,4638,7588,71,1934,914,1679,9422,8494,1372,6607,384,1481,1847,6453
8565,8533,4940,7808,2746,9673,9905,844,3297,2682,2159,7670,3650,1540,1650,8933,9457,5174,183,4193,1220,9518,2701,8936,8951,7755,9088,166,9592,752,2851,4881,9705,5681,2739,1290,1551,2688,4338,3959,4252,6143,4468,120,342,3987,9794,5427,9123,3241,2905,8789,7791,3944,8823,4256,4663,4249,4552,6954,955,7334,1300,4965,2596,5916,2276,9551,630,1832,6242,2914,1371,1889,9566,2966,2372,6601,42,781,3095,2239,6952,7002,8518,5590,5703,5309,8588,4463,3833,5953,3050,1011,3719,2221,6432,7766,4300,6210
2790,4780,3147,8271,7431,1443,682,5321,7439,8357,7206,8876,1628,2012,8819,4619,1870,7248,8835,7980,8429,5380,2095,5304,8433,2153,7167,8626,4712,4605,9425,6283,8063,4015,3213,3788,7189,1930,4899,1207,1399,9472,6309,4386,7077,5296,6524,7781,6180,5020,4853,1101,9165,4326,4269,292,5104,9637,2753,7434,1168,7693,7657,5407,1693,9301,2082,197,6016,6073,4688,5963,7234,4081,5976,4257,1218,3499,5467,1271,814,2894,6768,4570,4992,584,736,3378,3360,9849,7516,6465,8828,5118,3762,8837,2457,1640,6586,2556
1575,2766,2987,59,2286,6701,9816,2561,6191,9718,4921,3010,5971,5433,1297,5522,1490,2585,5287,8133,7185,5008,8939,9507,4623,2876,9263,4963,8773,2132,1144,1243,5741,4663,3740,7546,4556,7060,9295,8204,398,9661,8879,6387,109,9772,3855,3996,5102,5516,9588,8554,4767,8778,3898,491,3074,3202,4613,4881,7067,3673,9414,2681,7453,9090,5845,9064,566,5567,29,1531,4074,2334,5353,3116,7086,5870,2391,640,33,1890,4912,6164,1227,1330,3141,878,4087,2823,6305,2197,6542,1934,946,9183,5582,4176,1104,5527
1112,2360,1386,3282,3464,9287,8883,7900,744,4198,3967,4129,9739,2379,1085,8000,448,9599,8016,9606,7657,6082,9890,5625,4958,2530,1959,4927,7108,9876,3346,2201,3452,916,6316,3781,8873,4265,8907,2242,7969,8582,4271,5888,916,2505,5937,5205,9140,6632,4996,6348,863,408,7515,3237,664,9232,543,679,5735,4391,273,496,2385,1272,6303,4764,1100,4354,9018,5658,7306,9809,5882,5031,5315,6062,7643,6006,7225,4352,6465,1767,8764,2516,3564,3033,9677,1922,978,6937,960,1993,6070,7097,8905,6026,8624,6759
7850,5366,44,1986,4387,5582,3851,6468,5856,7663,1746,5031,3826,9772,9360,8927,4435,7515,9094,3733,1162,5251,3411,8494,1862,2087,5304,842,2407,6345,1110,6073,8897,4906,3135,7621,9545,6458,4853,4381,1863,4431,4881,8611,7164,6203,897,1117,5755,4616,5454,380,5792,6289,4819,1605,7543,7935,2913,5076,2379,1926,8087,666,1958,9747,5750,5832,9500,1000,8787,8914,2140,1669,6461,1803,1165,3653,4023,898,6837,5468,9859,2127,9189,6651,7434,3784,4747,1062,8837,4451,6682,7282,2856,5936,3705,7956,735,9927
7760,73,8889,8641,6975,8849,4656,3715,830,9972,8698,0,6799,6548,4118,4763,3882,4520,267,4252,1058,431,5561,6112,7388,2569,7262,7132,5037,8927,7793,4948,7615,6670,9781,1170,8693,5678,1201,9703,8399,623,2780,4096,6268,9191,4151,7115,9708,4354,6353,9015,8715,1427,2006,6209,7750,2468,3694,3411,4563,1708,7456,979,8902,820,7815,8486,4508,6053,3544,7590,5894,6115,8431,4569,8827,4935,6228,5621,7216,5467,7844,4463,9119,865,9989,7275,5584,1428,8376,7252,4173,2731,3147,5817,6893,8638,2108,5067
4250,2397,7575,7919,3858,3180,4809,2785,1580,3954,2854,2430,6425,9569,1863,9095,5687,1935,7042,6515,3319,5215,247,222,7985,1078,6888,7750,7914,7094,9465,2980,9958,5544,6560,9453,2246,9815,1706,9410,9569,1750,543,2682,5460,7751,6037,3161,4333,8427,6261,2725,5145,8884,1743,8200,1811,972,313,101,9674,8880,496,6702,9766,2202,840,3588,7331,6021,4513,9128,31,5100,1444,5046,5682,6421,2069,3401,3274,6149,5911,6879,1664,6522,7686,3957,3962,6921,2376,9488,1357,5115,414,3124,3217,9483,2073,4893
4446,8208,174,7885,5407,454,5138,4456,4913,6598,5053,7418,9438,7993,4377,903,9335,3783,7589,8037,8042,5957,3249,7483,4764,5155,4800,4240,1760,2805,8776,8738,4895,6062,7176,1400,5830,1950,633,639,9398,5201,1501,6465,5837,3123,6721,3970,2195,2408,3863,335,3467,5520,5584,668,5819,4758,6619,7861,1900,9615,5350,9145,6456,1534,521,150,1963,5277,1476,731,5548,9812,1628,1566,1636,784,7184,4462,5101,6051,8830,1219,2902,623,1435,679,1850,7686,8976,5182,8446,2287,4283,3682,6960,9443,2178,7530
5198,7600,8808,2374,9396,271,5615,8904,1669,4252,3269,5675,8269,3916,6213,9651,8284,8134,9550,1831,6704,7356,8195,6810,3300,346,1201,2837,8382,9013,4499,9885,337,8594,5285,9754,8772,1613,3533,580,4441,4410,3267,9144,4945,7102,6646,8317,2580,7692,4105,556,8706,9723,1169,5083,7555,1099,338,4411,1297,9716,9401,9331,9837,6930,7024,3713,641,4434,5429,5401,7862,6014,9470,6312,8788,1226,8135,9776,2312,9127,6763,7250,6857,7967,5296,7546,5035,9070,1236,8522,1750,7641,4593,6060,3640,4019,7300,9551
8788,6097,9677,6341,7772,8985,2265,1012,8282,4244,7270,9367,2965,3122,5497,5525,6403,5966,1611,4179,3690,802,2363,9943,9093,7907,1351,5503,538,6765,8222,9114,1472,3048,7798,4872,5491,8782,9882,191,3513,5346,7478,9700,6951,2732,9511,9076,4574,7331,5582,9938,3893,8816,8932,3860,7275,9126,9041,814,333,5724,92,1983,206,7922,1908,9520,7702,8165,4260,3002,6802,8585,8717,8970,8435,4851,4885,653,4569,5955,1100,3437,2640,5801,4353,4151,542,2597,2441,7090,6588,1191,1292,779,7352,5561,8343,1061
2565,541,6565,2774,7091,1302,5240,458,1013,4689,7106,6013,2049,6187,6991,3148,8047,1780,2413,5947,8682,8186,5900,22,9445,7924,3993,8734,6744,2423,1684,8611,3266,3251,4001,7635,1640,6882,6433,8213,3785,1119,8594,7131,5750,7411,7536,5550,8009,6703,5351,6859,9551,6277,8191,1889,7514,2215,4164,7908,3999,451,2010,428,6391,2517,4198,1718,8844,3410,2051,7953,244,397,5298,9333,6022,6011,6438,9219,2192,8849,488,8120,325,4150,5946,1968,7960,2109,1744,6138,9410,6615,2149,9135,3801,349,2273,9068
8689,5824,5607,10,1268,2146,8268,3876,3180,2617,2965,4281,1924,5674,6576,6855,3537,9567,2437,7482,3902,8447,3719,7076,3456,8771,7505,4344,4006,3729,4432,3803,727,4402,6065,3047,4066,1010,4768,2924,162,8844,2103,6836,1543,9743,5026,8914,7264,4971,6072,3492,5262,7969,2736,2926,3481,8759,933,2066,3027,3515,7267,8863,519,785,144,1933,262,4687,2433,9199,7158,4886,780,5300,6660,6077,4195,1107,8166,2493,5091,8041,5098,3027,8619,573,7307,9008,4640,4693,1538,9617,8762,4886,4070,1265,9254,55
45255,14130,34516,29293,53442,55246,38709,24306,49763,30621,47135,60208,24007,16694,43642,39476,44969,67628,22226,37203,30550,17907,14498,36766,52529,37798,59964,59261,28135,25346,30707,54350,29371,16211,32854,16586,34036,36819,34982,38146,48374,40595,26915,46403,18521,54024,40419,26247,48567,47085,35186,18374,39741,19859,40641,57749,36516,34651,31580,36977,36070,55548,18191,11634,40138,50145,49781,33401,18646,38182,32328,12058,49630,14030,60053,61169,18501,27101,43498,16530,18984,20684,52720,31945,16531,45494,10769,11001,2912,20699,24947,64427,43458,34055,24322,44320,35494,40978,12686,36415
2815,67,4958,9884,7379,3107,6004,7816,1115,5793,8703,6897,2429,3427,5454,675,4104,2375,4889,8060,3778,5179,945,9091,2076,3820,6602,7583,1730,5173,9953,7076,805,433,4911,4466,4868,1658,3606,8807,7443,4167,9073,943,1813,9465,1008,3880,2892,730,1946,4174,2929,7021,2397,9594,3054,1549,5555,7905,4438,9958,4365,3044,2465,9608,2228,3956,2245,2700,4184,9977,9110,5504,5963,791,5766,8981,4633,3984,1044,6522,9917,6780,4284,6548,5887,7450,6408,5036,9380,6053,6389,7026,8609,3796,7121,5235,3634,4346
6875,2268,9789,9756,2895,3384,9964,7889,7949,6323,8114,4480,8306,1266,5132,7159,2481,5319,3822,8017,6708,9828,9368,5762,801,4138,1808,9956,5203,8852,6482,4662,952,9678,6201,1560,3983,8825,5390,5436,4424,1837,2492,2851,5295,5598,4151,9056,3051,6497,2887,2552,3581,8059,5389,5900,2311,1019,6446,9801,1017,1878,93,8383,4813,4685,9085,4171,5441,6990,790,5094,4869,8558,6143,1174,6068,1641,3990,5323,8752,6590,7876,1260,5249,8994,1090,6345,808,4112,7126,1004,8099,6378,8980,6218,4146,6475,4892,937
6373,9502,4763,6028,5914,2252,6684,1565,7742,2130,1691,7257,2561,1627,6257,2507,2629,8439,3974,1045,1938,3630,8745,5997,2581,3584,8875,9005,4479,2688,5538,1788,8597,2319,1681,267,3224,5551,8245,8042,244,3715,4918,4660,417,6170,5780,2988,4356,1366,2997,7613,353,2695,9962,4469,1527,8862,313,1160,2508,7596,8983,2234,6733,8187,9489,8743,3937,9369,4369,1625,3098,6811,9340,9473,5990,9488,4040,410,2938,319,8645,4325,928,1377,2419,2230,8677,7641,3447,3847,5948,5351,3335,8546,2656,9339,3898,6830
2750,279,9406,5339,6711,6075,7508,9813,7276,8573,9918,7594,1460,3263,287,6945,9587,7290,7367,1746,3554,5746,4599,8337,8154,3239,4616,6739,5952,1343,194,1251,2232,4491,5345,9903,7173,9800,537,6368,9603,2699,9494,9022,1946,7339,1748,1051,3141,3487,3989,2839,3139,7182,9446,877,2795,5961,8284,7821,5572,362,6693,8489,654,3607,2580,4326,3060,9665,1299,2174,8933,6217,3981,3560,6465,7330,7317,9581,459,4243,90,7038,7808,5648,232,75,9889,2016,8233,3609,4612,1100,7812,4534,2970,3584,4824,4312
6988,6750,68,789,4606,7775,8167,6313,3648,8875,2509,661,7271,7668,8983,7668,9468,5357,9597,9781,5221,8453,8980,9312,4576,7591,9388,8106,9303,4469,8338,9877,3696,1707,8231,5870,9616,4891,2535,6782,9144,6170,3225,4905,4074,839,5919,8790,5533,2994,8970,7943,7758,5989,5572,2997,5476,9918,4834,6847,4800,7465,2114,2484,978,7086,8557,7890,7428,1045,5208,8466,8436,3777,2721,1253,6913,5551,84,4160,4391,7843,8299,5896,1420,5933,7261,4283,2107,2653,9931,4807,8277,6032,8178,9555,6503,6276,6465,621
9382,8987,6948,3104,3435,762,5198,6087,7271,0,1697,4632,3618,9520,9321,9580,2065,1597,5717,5929,6986,3058,3938,3368,1289,869,5489,3177,9927,7235,5721,7172,9765,4269,9130,8973,8352,479,3592,2957,6291,1361,3740,8647,2502,295,9994,6051,2442,4381,7350,5579,4383,6035,1810,8087,8190,4872,7550,4043,7256,1540,5090,6680,1525,626,3371,4459,7576,1305,9015,2203,3785,4227,9726,1770,8822,5512,3214,8998,5421,4628,8079,3608,9710,5555,7698,6801,2052,8346,8654,415,6141,2732,7467,4878,7923,5244,5975,2200
3640,2972,8516,9736,6236,8922,9808,6469,7988,4048,4823,638,8029,3510,8492,9918,4843,3563,543,9140,7049,4380,9681,7238,6568,5147,8770,601,4714,3110,1946,1510,9014,706,9583,6998,120,48,8532,4672,8367,2206,8059,2485,9982,9378,5539,9126,6354,7801,5672,1917,9062,5148,9989,3773,2061,7299,3134,1175,8886,6931,9399,4171,8157,8048,3604,9138,2883,1650,4558,2428,19,6153,6612,6603,6804,8506,373,6807,5711,6902,8955,2668,685,3136,7891,4983,4370,1684,2645,6838,8166,7055,5765,9940,4611,4933,2739,6551